Treść pytania,Odpowiedź 1,Odpowiedź 2,Odpowiedź 3,Odpowiedź 4,"Która z powyższych propozycji opodwiedzi, jest odpowiedzią dobrą?",Treść podpowiedzi (koło ratunkowe Expert),Rodzaj szkoły,Odpowiedź 5,Odpowiedź 6,Do którego działu podstawy programowej można zakwalifikować pytanie?,,,odsetek dobrej odpowiedzi,odsetek odpowiedzi2,odsetek odpowiedzi3,odsetek odpowiedzi4
"Rynek papierów wartościowych, na którym papiery wartościowe wprowadzane są do obiegu po raz pierwszy to...",rynek usług,rynek lokalny,rynek hurtowy,rynek pierwotny,Odpowiedź 4,"Na rynku pierwotnym kupuje się papiery wartościowe wprowadzane do obiegu po raz pierwszy, natomiast na rynku wtórnym obracamy papierami wartościowymi będącymi już w obiegu.",Zasadnicza szkoła zawodowa,rynek wtórny,rynek regionalny,Rynek – cechy i funkcje ,,,30,25,19,26
"Popyt na dane dobro może zależeć od:
",stopnia zaopatrzenia rynku,ceny  substytutów na dane dobro,ceny surowców na dane dobro,wielkości obrotów sprzedających,Odpowiedź 2,"Na rynku dóbr i usług popyt dotyczy kupujących, czyli konsumentów.   Z popytem na dane dobro ściśle związana jest jego cena. Zapewne na popyt wpływa jeszcze wiele innych czynników, wśród nich jest też cena dobra zamiennego. ",Liceum / Technikum,wielkości produkcji,stopnia zatrudnienia,Rynek – cechy i funkcje ,,,50,17,13,20
"1.	Uzupełnij poniższą tezę: Przesunięcie krzywej popytu na dane dobro (D) w prawo (D')  może nastąpić na skutek……………….
b)	c)	d)	e)	spadku cen surowców
f)	",spadku ceny badanego dobra,spadku liczby nabywców,spadku ceny dobra komplementarnego,spadku cen dóbr substytucyjnych,Odpowiedź 3,"Wykres pokazuje, że przy przesunięciu krzywej popytu w prawo cena danego dobra jest na tym samym poziomie - nie ulega zmianie  (p2) , zwiększa się natomiast wielkość popytu (q). Dlaczego chcemy kupić więcej przy nie zmienionej cenie?  Taka sytuacja ma miejsce, gdy spadła cena dobra powiązanego,  czyli chodzi o dobra,  które uzupełniają się w zaspokajaniu konkretnej potrzeby. ",Technikum ,spadku cen surowców,spadku liczby dostawców,Rynek – cechy i funkcje ,,,34,22,25,19
Efekt niewidzialnej ręki rynku:,występuje wyłącznie w gospodarce centralnie-planowanej,to inaczej ustalona przez państwo cena minimalna,to wzajemne dopasowanie popytu z dostawą na rynek  ,to inaczej proces dochodzenia do ceny równowagi rynkowej,Odpowiedź 4,"Niewidzialna ręka rynku jest metaforą użytą przez Adama Smitha. Poprzez niewidzialną rękę rynku Smith stara się wykazać, że mechanizm rynkowy jest zdolny do samodzielnej regulacji procesu zaspokajania potrzeb  i tym samym odrzuca konieczność interwencjonizmu państwowego.
Mówimy, że działa niewidzialna ręka rynku i automatycznie reguluje procesy gospodarcze.  
","Liceum / Technikum, Zasadnicza szkoła zawodowa",to ustalenie najkorzystniejszej ceny nabywcy,występuje tylko w czasach dobrobytu,Rynek – cechy i funkcje ,,,33,23,18,26
Inflacja to:,wzrost wartości pieniądza,zastępowanie pieniędzy towarami.,gromadzenia bogactwa,spadek wartości towarów,Odpowiedź 5,"Wartość pieniądza mierzymy siłą nabywczą, czyli pieniądz jest tyle wart ile możemy za niego kupić. Inflacja równa się wzrost cen.","Liceum / Technikum, Zasadnicza szkoła zawodowa",spadku wartości pieniądza,,"Państwo, gospodarka",,,55,18,14,13
"Cena równowagi rynkowej pomiędzy popytem a podażą występuje, gdy:",pojawia się nadwyżka podaży nad popytem,pojawia się nadwyżka popytu nad podażą,popyt jest równy podaży,popyt jest różny od podaży,Odpowiedź 3,To punkt przecięcia się krzywej popytu i krzywej podaży.,"Liceum / Technikum, Zasadnicza szkoła zawodowa",podaż jest większa od popytu,podaż jest mniejsza od popytu,Rynek – cechy i funkcje ,,,48,17,15,20
Gospodarka centralnie planowana doprowadziła do:,nadmiaru towarów na półkach sklepowych,niedoboru towarów na półkach sklepowych,wzrostu gospodarczego,wprowadzenia konkurencji,Odpowiedź 2,Długie kolejki były codziennością.,"Liceum / Technikum, Zasadnicza szkoła zawodowa",wprowadzenia monopolu,dobrobytu ludności,Rynek – cechy i funkcje ,,,56,17,12,15
Komplementarność to:,"ilość towaru, którą nabywcy chcą kupić","ilość pieniędzy, którą nabywcy chcą wydać",zaspokojenie potrzeby dobrem lub usługą pokrewną,wzajemne uzupełnianie się dóbr i usług,odpowiedź 5,Korzystanie z jednego dobra lub usługi wymaga równoczesnego użycia innego dobra lub usługi.,"Liceum / Technikum, Zasadnicza szkoła zawodowa",,żadna z odpowiedzi nie jest prawidłowa,Rynek – cechy i funkcje ,,,51,20,15,14
Substytucyjność jest stanem:,zaspokojenia potrzeby innym dobrem lub usługą,zaspokojenie potrzeby konkretnym dobrem lub usługą,niezaspokojenia potrzeby dobrem lub usługą,wzajemne uzupełnianie się potrzeb i usług,Odpowiedź 1,"Można użyć zamiennika, by osiągnąć cel","Liceum / Technikum, Zasadnicza szkoła zawodowa",brak potrzeb i usług,konkurencja,Rynek – cechy i funkcje ,,,55,17,13,15
Kto przeprowadził transformację polskiej gospodarki po roku 1989:,Tadeusz Mazowiecki,Lech Wałęsa,Aleksander Kwaśniewski,Lech Aleksander Kaczyński,Odpowiedź 5,"Transformacja była planem zakładającym reformę finansów państwa, a odpowiedzialnym za jej realizację był ówczesny minister finansów.","Liceum / Technikum, Zasadnicza szkoła zawodowa",Leszek Balcerowicz,Leszek Cezary Miller,Rynek – cechy i funkcje ,,,41,24,17,18
Do systemów gospodarczych zaliczamy:,rynkowy i centralnie planowany,kierowany i kapitałowy,kierowany i bezpośredni,rynkowy i bezpośredni,Odpowiedź 1,"W pierwszym z nich decyzje podejmuje tylko państwo, a w drugim uczestnicy rynku.","Liceum / Technikum, Zasadnicza szkoła zawodowa",rynkowy i kapitalowy,tradycyjny i centralnie planowany,Rynek – cechy i funkcje ,,,36,26,21,17
pytanie testowe,nie ,wiem,czy ,dobrze,Odpowiedź 3,expert mowi bankowy,Liceum / Technikum,,,Człowiek przedsiębiorczy,,,33,25,22,20
adam nowak,adam,nowak,2,3132,Odpowiedź 1,dfsfsdfsd,Liceum / Technikum,,,Człowiek przedsiębiorczy,,,42,23,17,18
W jakim urzędzie rejestruje się firmę rozpoczynając działalność gospodarczą jako osoba fizyczna?,Urząd Wojewódzki,Powiatowy Urząd Pracy,Urząd Gminy/ Miasta,Urząd Skarbowy,Odpowiedź 3,"Od 01.04. 2009 r. w każdej podstawowej jednostce samorządu terytorialnego działa tzw. "" jedno okienko"" ,  w którym  aby zarejestrować firmę, składa się wypełniony formularz CEIDG-1. ",Zasadnicza szkoła zawodowa,Państwowa Inspekcja Pracy,Krajowy Rejestr Sądowy,Przedsiębiorstwo,,,57,17,11,15
Czym jest REGON?,numer statystyczny podmiotu gospodarczego,numer identyfikacji podatnika,numer wpisu do ewidencji działalności gospodarczej,numer rejestracji w Krajowym Rejestrze Sądowym,Odpowiedź 1," Każda firma musi posiadać numer identyfikacji z Krajowego Rejestru Urzędowego Podmiotów Gospodarki Narodowej wydawany przez Prezesa GUS.
Nazwa jest akronimem od Rejestr Gospodarki Narodowej.",Zasadnicza szkoła zawodowa,,,Przedsiębiorstwo,,,32,22,26,20
"Umowa cywilnoprawna podobna do dzierżawy, w której finansujący przekazuje beneficjentowi prawo do korzystania z określonej rzeczy na wyznaczony czas w zamian za ustalone ratalne opłaty to;",franszyza,leasing,cesja,kredyt,Odpowiedź 2,"Firmy bardzo często na podstawie tych  umów korzystają z samochodów służbowych, maszyn, linii produkcyjnych itp.Często po okresie umowy mogą nabyć określone rzeczy na własność.",Zasadnicza szkoła zawodowa,,,Przedsiębiorstwo,,,51,18,18,13
"W spółce komandytowej co najmniej jeden ze wspólników odpowiada za zobowiazania spółki bez ograniczeń całym swoim majątkiem, oraz ma prawo do prowadzenia spraw spółki. Wspólnik ten nazywany jest: ",komandytariuszem,komplementariuszem ,akcjonariuszem ,udziałowcem,Odpowiedź 2,"Nazwa tego wspólnika, który odpowiada całym swoim majatkiem za zobowiazania spółki komandytowej nie przypomina nazwy spółki. ",Liceum / Technikum,prezesem ,,Przedsiębiorstwo,,,31,26,21,22
Do spółek prawa handlowego zaliczamy...,fundacje,spółki cywilne,spółki akcyjne,spółdzielnie ,Odpowiedź 3,Do spółek prawa handlowego zaliczamy spółki kapitałowe. ,Liceum / Technikum,,,Przedsiębiorstwo,,,47,20,16,17
Przedsiębiorcy są zobowiazani do posiadania numeru identyfikacyjnego krajowego rejestru urzędowego podmiotów gospodarki narodowej tzw. REGON. Kto nadaje taki numer?,Urząd Miasta i Gminy,Zakład Ubezpieczeń Społecznych,Urząd Skarbowy ,Urząd Statystyczny ,Odpowiedź 4,Numer REGON to numer statystyczny firmy zwiazany z nią nierozerwalnie.,Liceum / Technikum,KRUS,,Przedsiębiorstwo,,,38,22,22,18
Dokument zawierający zobowiązanie do zapłaty określonej osobie lub okazicielowi pewnej sumy pieniężnej w oznaczonym terminie przez osoby podpisane na nim to:,obligacja,akcja,weksel,czek,Odpowiedź 3,"Dokument taki był już znany i wystawiany w Starożytności w Babilonie, znany był też przez starożytnych Greków i Rzymian",Zasadnicza szkoła zawodowa,faktura,polecenie przelewu,Instytucje rynkowe,,,37,26,17,20
Obecnie prawie w każdym państwie wyróżnia się bank centralny i banki komercyjne. Któta z wymienionych funkcji jest charakterystyczna tylko dla banku centralnego?,udzielanie kredytów,emisja pieniędzy,przyjmowanie depozytów,pośredniczenie w przekazywaniu pieniędzy,Odpowiedź 2,"W Polsce tylko NBP może zajmować się emitowaniem pieniędzy gotówkowych i papierów wartościowych Skarbu Państwa oraz pełni funkcję ""banku banków"".",Zasadnicza szkoła zawodowa,prowadzenie kont osobistych,sprzedaż waluty,Instytucje rynkowe,,,55,14,16,15
"Na które ubezpieczenie odprowadza składki tylko pracodawca, a nie pracownik?",rentowe,emerytalne,chorobowe,wypadkowe,Odpowiedź 4,"Koszt pracy ponoszony przez pracodawcę to składki opłacane przez niego na ubezpieczenia: emerytalne, rentowe, wypadkowe oraz składki na Fundusz Pracy i składki na Fundusz Gwarantowanych Świadczeń Pracowniczych.",Zasadnicza szkoła zawodowa,,,Instytucje rynkowe,,,48,18,13,21
"Wskaż, jak nazywamy ingerencję państwa w zarządzanie gospodarką",swobodną grą rynkową,konkurencją monopolistyczną,interwencjonizmem państwowym,liberalizmem gospodarczym,Odpowiedź 3,Interwencja państwa w życie gospodarcze i zarządzanie gospodarką jest mechanizmem oddziaływania na rynek.,Liceum / Technikum,,,"Państwo, gospodarka",,,59,14,11,16
Działalność rządu prowadząca do lepszej alokacji dóbr i usług niż mógłby to zrealizować mechanizm rynkowy z punktu widzenia interesów społeczeństwa to:,funkcja dystrybucyjna rządu państwa w gospodarce,funkcja stabilizacyjna rządu państwa w gospodarce,funkcja alokacyjna rządu państwa w gospodarce,funkcja informacyjna rządu państwa w gospodarce,Odpowiedź 3,"funkcja ta polega na gospodarowaniu tymi dobrami i usługami, których rozdział bez interwencji państwa byłby niekorzystny dla społeczeństwa. dotyczy to zwłaszcza dóbr publicznych, takich jak drogi, policja, środowisko naturalne",Liceum / Technikum,,,"Państwo, gospodarka",,,53,16,12,19
"Podatek progresywny to podatek, który:","zakłada stałą skalę podatkową, niezależnie od dochodów.",zakłada wzrost stawki oprocentowania wraz ze wzrostem dochodów podatnika.,nie zależy od wysokości dochodu,zakłada spadek skali oprocentowania wraz ze wzrostem dochodów podatnika,Odpowiedź 2,"jednym ze sposobów naliczania podatków jest sposób progresywny - czyli im wyższy dochód, tym większa stawka podatkowa",Liceum / Technikum,,,"Państwo, gospodarka",,,46,18,15,21
Do potrzeb wyższego rzędu nie zalicza się:,potrzeba uznania,potrzeba uczuć,potrzeba samorealizacji,potrzeba zaspokojenia głodu,Odpowiedź 4,Ta potrzeba znajduje się na samym dole hierarchii potrzeb Maslova i jest potrzebą niższego rzędu.,Zasadnicza szkoła zawodowa,,,Człowiek przedsiębiorczy,,,56,16,12,16
Która z wymienionych postaw powinna cechować osobę przedsiębiorczą?,uległość,agresja,asertywność,impulsywność,Odpowiedź 3,Osoba ta potrafi odmówić i uzasadnić swoją postawę.,Zasadnicza szkoła zawodowa,,,Człowiek przedsiębiorczy,,,45,19,14,22
"Jak brzmi skrót nazwy analizy, która pozwala ocenić mocne i słabe strony.",STOW,SWOT,TOWS,WOST,Odpowiedź 2,"Nazwa ta pochodzi od pierwszych liter angielskich słów, które po polsku znaczą mocne strony, słabe strony, szanse, zagrożenia.",Zasadnicza szkoła zawodowa,,,Człowiek przedsiębiorczy,,,40,25,14,21
Cechą osoby asertywnej jest:,umiejętność odmowy i uzasadnienie swojej decyzji,zaniżona samoocena,dominacja nad innymi ludźmi,unikanie kontaktów z innymi ludźmi,Odpowiedź 1,Zachowanie asertywne to coś pomiędzy agresywnym a uległym.,Liceum / Technikum,nieumiejętność wyrażania swoich uczuć,"często niegrzeczne, kategoryczne odmawianie pomocy",Człowiek przedsiębiorczy,,,45,23,19,13
"Arbitraż, to:",zwrócenie się przez obie strony konfliktu do instytucji niezależnej z prośbą o rozwiązanie konfliktu,"próba rozwiązania konfliktu przez osobę trzecią, która pośredniczy między stronami konfliktu",dobrowolnie podjęte przez strony konfliktu rozmowy,konflikt wewnętrzny osoby wynikający z pełnienia różnych ról społecznych,Odpowiedź 1,Z języka francuskiego arbitrage oznacza sąd rozjemczy,Liceum / Technikum,konflikt między osobami wynikający z walki o przywództwo,konflikt między partiami politycznymi,Człowiek przedsiębiorczy,,,43,21,19,17
Według amerykańskiego psychologa Abrahama Harolda Maslowa potrzeby człowieka tworzą logiczną hierarchię - od potrzeb niższego rzędu do potrzeb wyższego rzędu. Który układ potrzeb człowieka wg Maslowa należy do potrzeb afiliacji:,"czułość, przyjaźń, miłość","miłość, potrzeby seksualne, szacunek","osiągnięcia, pewność, pragnienie","sen, akceptacja, przyjaźń",Odpowiedź 1,"Afiliacja kojarzy mi się z nawiązywaniem kontaktów z innymi ludźmi, czyli chodzi o potrzeby społeczne.",Liceum / Technikum,"ochrona przed zagrożeniem, głód, szacunek","samidoskonalenie, uznanie przez innych, głód",Człowiek przedsiębiorczy,,,31,27,22,20
Pierwsza sesja gieldowa w Polsce po upadku gospodarki centralnie sterowanej odbyła się w Warszawie w roku...,1988,1989,1990,1991,Odpowiedź 2,reaktywowanie rynku kapitałowego w Polsce zajęło kilkanascie miesiecy po objeciu władzy przez rząd Tadeusza Mazowieckiego,Liceum / Technikum,,,Instytucje rynkowe,,,55,16,14,15
Z ilu cyfr składa się numer rachunku bankowego?,22,24,26,28,Odpowiedź 4,plik graficzny,"Liceum / Technikum, Zasadnicza szkoła zawodowa","0,3","0,31",Instytucje rynkowe,,,58,15,13,14
Indeks giełdowy informujący o tendencjach na GPW w Warszawie to...,MIDWIG,NASDAQ,DOW JONES,WIG20,Odpowiedź 4,Skrót kojarzy się z Warszawską Giełdą Papierów Wartościowych.,Liceum / Technikum,"GPW,WIG","GPW,WIG20",Instytucje rynkowe,,,30,29,20,21
Budżet państwa to zestawienie w danym roku wszystkich:,dochodów państwa,wydatków państwa,dochodów i wydatków państwa,podatków i wydatków państwa,Odpowiedź 3,"Zgodnie z zasadami polityki budżetowej - budżet państwa i jednostek samorządu terytorialnego powinien być podany do publicznej wiadomości, powinien tworzyć jedną całość, obejmować wszystkie dochody i wydatki państwa, obejmować okres jednego roku, a dochody powinny pokrywać wydatki. ",Zasadnicza szkoła zawodowa,,,"Państwo, gospodarka",,,49,21,17,13
W gospodarce rynkowej do obszarów oddziaływania państwa nie należy:,ograniczanie bezrobocia,ograniczanie inflacji,zapewnienie wzrostu gospodarczego,podejmowanie decyzji gospodarczych za przedsiębiorstwa ,Odpowiedź 4,"Państwo to podmiot reprezentowany przez organy władzy publicznej, którego zadaniem jest wzrost i rozwój gospodarczy oraz ochrona interesów obywateli przed negatywnymi skutkami procesów rynkowych takich jak bezrobocie i inflacja. ",Zasadnicza szkoła zawodowa,,,"Państwo, gospodarka",,,39,25,19,17
Utrzymujący się wzrost ogólnego poziomu cen nazywamy:,deflacją,inflacją,dewaluacją,deprecjacją,Odpowiedź 2,Jeśli w gospodarce zmniejsza się ilość pieniądza w obiegu powoduje to spadek poziomu cen - zjawisko to nosi nazwę deflacji. Zjawiskiem przeciwnym do deflacji jest inflacja. ,Zasadnicza szkoła zawodowa,,,"Państwo, gospodarka",,,46,22,15,17
"Asertywna osoba to taka, która:",decyduje za innych; jest uczciwa ale nietaktowna,Wypowiada się w sposób jasny i konkretny; zna swoją wartość,"ma skłonnośc do kłamstwa, lubi komplikować sobie życie       ",wykazuje brak samodzielności,Odpowiedź 2,"Jest to sposób zachowania pozwalający na konkretne i zdecydowane prezentowanie uczuć, chęci i potrzeb innym ludziom, ale bez narzucania im własnej woli i naruszania ich praw",Zasadnicza szkoła zawodowa,,,Człowiek przedsiębiorczy,,,33,25,24,18
"Określ, którą z barier komunikacyjnych stosuje osoba osądzająca wypowiadając zdanie: 
         ""Wyglądasz interesująco, ale gdybyś założyła buty na wyższym obcasie , nie wyglądałabyś jak kurczątko""",krytykuje,obraża,orzeka,"chwali, ale głównie po to aby oceniać lub manipulować",Odpowiedź 4,"osądzanie tworzy bariery polegające na narzucaniu włanych wartości innym osobom oraz wskazywaniu rozwiązań cudzych problemów bez uwzględniania racji osób, których problemy te dotyczą",Zasadnicza szkoła zawodowa,,,Człowiek przedsiębiorczy,,,32,25,19,24
Zespół to:,"grupa osób, które łączą wspólne cele i świadomość, że do ich osiągnięcia potrzebne są zdolności, umiejętności oraz wysiłek wszystkich osób należących do zespołu","to przypadkowa liczba osób ograniczona przestrzenią i czasem, z których każda może mieć inne cele do realizacji","grupa osób, które nie muszą prezentować wspólnych zainteresowań ani celów, ale z których każda ma własny pogląd na daną, określoną sytuację","kilka osób, które znają się choćby z widzenia i w określonych miejscach załatwiają podobne sprawy",Odpowiedź 1,"Jednym z elementów osiągania celów jest właściwe współdziałanie oraz przydział zadań, który nie powinien być przypadkowy",Zasadnicza szkoła zawodowa,,,Człowiek przedsiębiorczy,,,56,16,15,13
Kto stworzył hierarchiczną teorię potrzeb ludzkich?,Adam Smith,Abraham Maslow,Leszek Balcerowicz,Iwan Pawłow,Odpowiedź 2,To kojarzy mi się z piramidą.,Liceum / Technikum,Anthony Maslow,,Człowiek przedsiębiorczy,,,55,17,15,13
Asertywność polega na:,umiejętności otwartego i bezpośredniego wyrażania swoich myśli i opinii,podporządkowaniu sobie inych i wykorzystaniu ich do realizacji własnych celów,obrażaniu i krytykowaniu innych,przebojowości i nie przejmowaniu się opiniami innych na swój temat,Odpowiedź 1,"umiejętność ta pomaga człowiekowi zaspokajać własne potrzeby, mając na uwadze potrzeby i uczucia innych ludzi",Liceum / Technikum,,,Człowiek przedsiębiorczy,,,43,18,22,17
Który zapis przedstawia efekt synergiczny?,2+2=0,2+2=4,2+2=3,2+2=5,Odpowiedź 4,"Efekt synergiczny to współdziałanie różnych czynników, którego efekt jest większy niż suma poszczególnych oddzielnych działań.",Liceum / Technikum,,,Człowiek przedsiębiorczy,,,49,19,16,16
Do spółek zaliczamy:,stowarzyszenie,sp. jawną,indywidualną dziłalność gospodarczą,spółdzielnię,Odpowiedź 2,"Odpowiedź prawidłowa sugeruje nam, że coś jest ""nieukryte"".",Zasadnicza szkoła zawodowa,,,Przedsiębiorstwo,,,39,20,20,21
Skrót  sp. z o.o. oznacza:,spółkę z ograniczoną odpowiedzialnością,zorganizowaną odpowiedzialność osobistą,indywidualną działalność gospodarczą,spółkę partnerską,Odpowiedź 1,"Odpowiedź prawidłowa sugeruje, że wspólnicy nie ponoszą pełnej odpowiedzialności.",Zasadnicza szkoła zawodowa,,,Przedsiębiorstwo,,,37,23,18,22
Indywidualna działalność gospodarcza prowadzona jest przez:,1 osobę,2 osoby,3 osoby,4 osoby,Odpowiedź 1,"Jeśli robisz coś indywidualnie, oznacza to, że robisz to sam.",Zasadnicza szkoła zawodowa,,,Przedsiębiorstwo,,,49,21,16,14
Czynnikami oddziałującymi na podaż są:,gusta konsumentów,wielkość dochodów konsumentów,liczba konsumentów,koszty produkcji,Odpowiedź 4,"Jeśli byłbyś przedsiębiorcą to oczywiste jest, że starałbyś się maksymalizować zysk",Liceum / Technikum,,,Rynek – cechy i funkcje ,,,58,16,13,13
Za pośrednictwem rynku dokonuje się:,sprawiedliwego podziału dóbr i usług,transakcji kupna - sprzedaży.,nieodpłatnej wymiany dóbr i usług,obrotu tylko dobrami materialnymi,Odpowiedź 2,"Rynek rynek to miejsce w którym spotyka sie nabywca i sprzedający,",Liceum / Technikum,,,Rynek – cechy i funkcje ,,,57,16,15,12
Która z wymienionych sytuacji obrazuje zjawisko popytu?,mama kupiła mi nowe spodnie,osiedlowy sklep sportowy wprowadził dzisiaj letnią wyprzedaż,szkoła zaproponowała w tym roku dodatkowe bezpłatne zajęcia z podstaw przedsiębiorczości,wzrost ceny mąki spowodował zmniejszenie wielkości produkcji chleba,Odpowiedź 1,Kiedy idziesz do sklepu i dokonujesz zakupów stajesz się częścią mechanizmu rynkowego,Liceum / Technikum,,,Rynek – cechy i funkcje ,,,34,24,18,24
"Adam Kowalczyk był zatrudniony w firmie ""Trans-pol"" na umowę o pracę na okres próbny w wymiarze 3 miesięcy.  Wzwiązku z powyższym przysługuje mu okres wypowiedzenia w wymiarze:",3 dni roboczych,1 tygodnia,2 tygodni,1 miesiąca,Odpowiedź 3,"                                         Art.34.
Okres wypowiedzenia umowy zależy od czasu jej trwania: 

•trzy dni robocze jeżeli okres próbny nie przekracza dwóch tygodni
•jeden tydzień jeżeli okres próbny jest dłuższy niż 2 tygodnie
•dwa tygodnie jeżeli czas próby wynosi 3 miesiące",Liceum / Technikum,,,Rynek pracy,,,51,16,16,17
Nawiązanie stosunku pracy wymaga:,wyłącznie zgody pracownika,wyłącznie zgody powiatowego urzędu pracy,wyłącznie zgody pracodawcy,zgodnego oświadczenia woli pracownika i pracodawcy,Odpowiedź 4,"Umowa o pracę jest dwustronną czynnością prawną. W wyniku jej zawarcia pracownik zobowiązuje się do wykonywania pracy określonego rodzaju na rzecz pracodawcy pod jego kierownictwem w miejscu i czasie wyznaczonym przez pracodawcę, a pracodawca do zatrudnienia pracownika za wynagrodzeniem.","Liceum / Technikum , ZSZ",,,Rynek pracy,,,38,23,17,22
"Marek ukończył 3-letnią szkołę zawodową oraz 3-letnie technikum po zasadniczej szkole zawodowej. W związku z powyższym do okresu stażu, od którego oblicza się wymiar urlopu wypoczynkowego, wlicza mu się...",5 lat,6 lat,7 lat,8 lat,Odpowiedź 1,"Art. 155. § 1. Do okresu pracy, od którego zależy wymiar urlopu, wlicza się z tytułu ukończenia:
  1)   zasadniczej lub innej równorzędnej szkoły zawodowej - przewidziany programem nauczania czas trwania nauki, nie więcej jednak niż 3 lata,
  2)   średniej szkoły zawodowej - przewidziany programem nauczania czas trwania nauki, nie więcej jednak niż 5 lat,
  3)   średniej szkoły zawodowej dla absolwentów zasadniczych (równorzędnych) szkół zawodowych - 5 lat,
  4)   średniej szkoły ogólnokształcącej - 4 lata,
  5)   szkoły policealnej - 6 lat,
  6)   szkoły wyższej - 8 lat.
Okresy nauki, o których mowa w pkt 1-6, nie podlegają sumowaniu.
§ 2. Jeżeli pracownik pobierał naukę w czasie zatrudnienia, do okresu pracy, od którego zależy wymiar urlopu, wlicza się bądź okres zatrudnienia, w którym była pobierana nauka, bądź okres nauki, zależnie od tego, co jest korzystniejsze dla pracownika.","Liceum / Technikum , ZSZ",,,Rynek pracy,,,49,19,14,18
"Umowę w której osoba  zobowiązuje się do wykonania określonej czynności, lecz nie odpowiada ona za rezultat wykonanych przez siebie czynności -nazywa się:",umową o pracę,umową agencyjną,umową zlecenie,umową o dzieło,Odpowiedź 3,"Umowa ta regulowana jest przez przepisy kodeksu cywilnego, od tej umowy pobierana jest składka ubezpieczenia zdrowotnego.",Liceum / Technikum,,,Rynek pracy,,,44,20,20,16
Umowa o pracę powinna zawierać:,informacje o stanie rodzinnym pracownika,informacje o dotychczasowym zatrudnieniu,wymiar czasu pracy,informacje o urzędzie skarbowym pracownika,Odpowiedź 3," Umowa o pracę powinna między innymi zawierać:
- datę zawarcia umowy
- określenie rodzaju umowy
- określenie stron umowy
- określenie rodzaju pracy
- określenie czasu pracy
- określenie wynagrodzenia
- określenie miejsca pracy",Liceum / Technikum,,,Rynek pracy,,,30,26,25,19
Do grona bezrobotnych zalicza się:,emerytów,"osoby, które nie chcą pracować i nie poszukują pracy",studentów,"osoby, które nie pracują i poszukują pracy",Odpowiedź 4,"Bezrobocie jest zjawiskiem społecznym polegającym na tym, że część ludzi zdolnych do pracy i deklarujących chęć jej podjęcia nie znajduje faktycznego zatrudnienia z różnych powodów.","Liceum / Technikum , ZSZ",,,Rynek pracy,,,56,15,15,14
Pracownik zatrudniony na stanowisku kierowcy utracił prawo jazdy i nie może już wykonywać swojego zawodu. Procodawca ma wówczas prawo do:,rozwiązania z nim umowy o pracę bez wypowiedzenia,zmuszenia go do wykonywania pracy,wypłacenia mu odszkodowania,wydania nowego prawojazdy,Odpowiedź 1,Pracownik tracąc uprawnienia musi liczyć się z utratą pracy.,"Liceum / Technikum , ZSZ",,,Rynek pracy,,,47,22,15,16
"Klasyczny cykl koniunkturalny składa się z następujących faz:
",recesji i depresji,depresji i ekspansji,ekspansji i recesji ,"kryzysu, depresji, ożywienia i rozkwitu",Odpowiedź 4,Klasyczny cykl koniunkturalny składa się z dwóch faz dotyczących recesji w gospodarce i dwóch faz związanych ze wzrostem gospodarczym,"LT, Zasadnicza szkoła zawodowa",depresji i ożywienia ,kryzysu i rozkwitu,"Państwo, gospodarka",,,54,15,14,17
"Dług publiczny jest to:
",zadłużenie państwa u nabywców obligacji,zadłużenie przedsiębiorstw publicznych wobec państwa,różnica dochodów i wydatków budżetu państwa,zadłużenie obywateli danego państwa wobec innych państw,Odpowiedź 1,emisja obligacji może służyć pokryciu deficytu budżetowego,"Zasadnicza szkoła zawodowa, LT",zadłużeniem obywateli wobec państwa,wszystkie w/w odpowiedzi są prawidłowe,"Państwo, gospodarka",,,56,16,15,13
"Spółka jawna zakupiła towary, z czego naliczony podatek VAT wyniósł 4600 PLN. W tym samym miesiącu spółka sprzedała towary, za które należny podatek VAT wyniósł 8 050 zł. Jaką wartośc podatku VAT podinna odprowadzic firma na koniec miesiąca:",12650,8050,4600,3450,Odpowiedź 4,spółka powinna odprowadzić do US różnicę między podatkiem VAT należnym a podatkiem VAT naliczonym,"Zasadnicza szkoła zawodowa, LT",24600,15550,"Państwo, gospodarka",,,40,22,18,20
" 
Określ, które z wymienionych dóbr należą do dóbr komplementarnych:",masło i margaryna,dłgopis i pióro,samochód i paliwo,ogórki i pomidory,Odpowiedź 3,Które dobra wzajemnie się uzupełniają?,"Zasadnicza szkoła zawodowa, LT",,,Rynek – cechy i funkcje ,,,56,17,14,13
Cena równowagi rynkowej to:,"cena, przy której popyt jest wiekszy niż podaż","cena, przy której podaż jest większa niż popyt","cena, przy której rośnie popyt","cena, przy której następuje zrównanie popytu z podażą",Odpowiedź 4,"Popyt to ilość towaru, jaką nabywcy są gotowi kupić po danej cenie w określonym czasie.
Podaż to ilość towaru, jaką producenci oferują do sprzedaży na rynku po danej cenie w określonym czasie.
Równowaga rykowa to zrównanie popytu z podażą.","Zasadnicza szkoła zawodowa, LT",,,Rynek – cechy i funkcje ,,,34,28,17,21
Jak określa się bezrobocie naturalne?,Jako bezrobocie koniunkturalne.,Jako bezrobocie strukturalne.,jako bezrobocie frykcyjne lub płynne.,sezonowe,Odpowiedź 3,Przyczyną tego bezrobocia jest np. zmiana miejsca zamieszkania  w celu poszukiwania pracy. Ten płynny ruch bezrobotnych nie ma wpływu na stan gospodarki.,"Zasadnicza szkoła zawodowa, LT",,,Rynek pracy,,,57,17,15,11
"Jedno z podstawowych praw rynkowych brzmi: ""Wraz ze wzrostem ceny danego dobra zapotrzebowanie na to dobro zmniejsza się, wraz ze spadkiem ceny zapotrzebowanie rośnie"". Jest to:",Prawo Engla,Prawo popytu,Prawo podaży,Prawo równowagi,Odpowiedź 2,Popyt ( zapotrzebowanie)  to ilość towarów jakie nabywcy chca kupić po danej cenie w określonym czasie.,"Zasadnicza szkoła zawodowa, LT",,,Rynek – cechy i funkcje ,,,56,15,12,17
Co stanie się z popytem i podażą pracy jeśli płaca wzrośnie?,"Popyt spadnie, podaż wzrośnie.","Popyt wzrośnie, podaż spadnie.",Popyt i podaż spadnie.,Popyt i podaż nie zmienią się.,Odpowiedź 1,W wyniku zaistniałej sytuacji pracownicy będą chętniej podejmować pracę a pracodawcy staną przed wizją zwiększenia kosztów zatrudnienia.,Liceum / Technikum,Popyt i podaż wzrośnie.,,Rynek pracy,,,55,16,15,14
Co stanie się z popytem i podażą pracy jeśli płaca wzrośnie?,"Popyt spadnie, podaż wzrośnie.","Popyt wzrośnie, podaż spadnie.",Popyt i podaż spadnie.,Popyt i podaż nie zmienią się.,Odpowiedź 1,W wyniku zaistniałej sytuacji pracownicy będą chętniej podejmować pracę a pracodawcy staną przed wizją zwiększenia kosztów zatrudnienia.,Liceum / Technikum,Popyt i podaż wzrośnie.,,Rynek pracy,,,35,21,20,24
Które z twierdzeń jest prawdziwe?,Współczynnik aktywności zawodowej jest zawsze mniejszy niż 100%.,Współczynnik aktywności zawodowej może być większy niż 100%.,Współczynnik aktywności zawodowej jest zawsze równy 100%.,Współczynnik aktywności zawodowej jest zawsze równy 110%,Odpowiedź 1,"Pamiętaj, że część osób w wieku produkcyjnym jest bierna zawodowo.",Liceum / Technikum,,,Rynek pracy,,,39,23,21,17
"Oblicz wymiar urlopu wypoczynkowego dla pracownika (robotnik z wykształceniem gimnazjalnym, przyuczony do zawodu), zatrudnionego na cały etat po przepracowaniu 9 miesięcy.",20 dni,15 dni,18 dni,26 dni,Odpowiedź 2,Pracownik nabywa prawo do pierwszego urlopu w wymiarze cząstkowym 1/12 wymiaru przysługującego po przepracowanym roku.,"Liceum / Technikum, Zasadnicza szkoła zawodowa",12 dni,,Rynek pracy,,,59,16,13,12
"Kto ponosi koszty badań lekarskich, w przypadku gdy pracodawca kieruje pracownika na badania.",NFZ,pracownik,pracodawca,pracodawca i pracownik,Odpowiedź 3,Kierujący na badania ponosi ich koszty.,"Liceum / Technikum, Zasadnicza szkoła zawodowa",,,Rynek pracy,,,54,18,16,12
"Kiedy pracodawca nie może zwolnić pracownika/pracownicy w trybie natychmiastowym, czyli tzw.dyscyplinarka.",w razie ciężkiego naruszenia podstawowych obowiązków pracowniczych,"w razie popełnienia przestępstwa,które uniemożliwia dalsze zatrudnienie",zawinionej utraty uprawnień,upłynął miesiąc od naruszenia obowiązków pracowniczych,Odpowiedź 4,"Pracodawca może rozwiązać umowę o pracę bez wypowiedzenia z winy 
pracownika w razie: 
1) ciężkiego naruszenia przez pracownika podstawowych obowiązków pracowniczych,
2) popełnienia przez pracownika w czasie trwania umowy o pracę przestępstwa, które 
uniemożliwia dalsze zatrudnianie go na zajmowanym stanowisku, jeżeli przestępstwo jest 
oczywiste lub zostało stwierdzone prawomocnym wyrokiem, 
3) zawinionej przez pracownika  utraty uprawnień koniecznych do wykonywania pracy na 
zajmowanym stanowisku. 
§ 2. Rozwiązanie umowy o pracę bez wypowiedzenia z winy pracownika nie może nastąpić po 
upływie 1 miesiąca od uzyskania przez pracodawcę wiadomości o okoliczności uzasadniającej 
rozwiązanie umowy. 
§ 3. Pracodawca podejmuje decyzję w sprawie rozwiązania umowy po zasięgnięciu opinii 
reprezentującej pracownika zakładowej organizacji związkowej, którą zawiadamia o przyczynie 
uzasadniającej rozwiązanie umowy. W razie zastrzeżeń co do zasadności rozwiązania umowy 
zakładowa organizacja związkowa wyraża swoją opinię niezwłocznie, nie później jednak niż w ciągu 
3 dni.",Liceum / Technikum,,,Rynek pracy,,,54,16,17,13
Co oznacz pojęcie LEASING?,uzyskanie natychmiastowego dostępu do środków finansowych,przekazania znaku firmowego na podstawie umowy,pozyskiwanie dobra na podstawie długookresowej umowy,korzystanie z określonego dobra bezpłatnie,Odpowiedź 3,pracownika w razie: ,Liceum / Technikum,,,Przedsiębiorstwo,,,38,25,17,20
Koszt utraconych możliwości to inaczej:,Koszt krańcowy,koszt alternatywny,koszt jednostkowy,koszt stały,Odpowiedź 2,"1) ciężkiego naruszenia przez pracownika podstawowych obowiązków pracowniczych,",Liceum / Technikum,,,Człowiek przedsiębiorczy,,,47,19,19,15
,curriculum vitae i list motywacyjny,curriculum vitae i list referencyjny,list motywacyjny i list referencyjny,list referencyjny i zaświadczenie o niekaralności,Odpowiedź 1,"2) popełnienia przez pracownika w czasie trwania umowy o pracę przestępstwa, które ",Liceum / Technikum,,,Rynek pracy,,,59,14,13,14
"Składką, którą ma obowiązek sfinansować pracodawca w całości jest:",ubezpieczenie chorobowe,ubezpieczenie emerytalne,ubezpieczenie zdrowotne,Fundusz Pracy,Odpowiedź 4,"uniemożliwia dalsze zatrudnianie go na zajmowanym stanowisku, jeżeli przestępstwo jest ",Liceum / Technikum,,,Rynek pracy,,,58,16,15,11
"W przypadku umowy o pracę, płaca netto jest to:","płaca, która jest faktycznym kosztem pracodawcy",płaca nie obciążona podatkiem,płaca brutto pomniejszona o składki ZUS oraz zaliczkę na poczet podatku dochodowego,płaca brutto pomniejszona o składkę na ubezpieczenie zdrowotne,Odpowiedź 3,"oczywiste lub zostało stwierdzone prawomocnym wyrokiem, ",Liceum / Technikum,,,Rynek pracy,,,49,20,18,13
"Średnie przedsiębiorstwo, to przedsiębiorstwo zatrudniające:",mniej niź 10 osób,"więcej niż 10, ale mniej niź 50 osób","więcej niż 50, ale mniej niż 250 osób",więcej niź 250 osób,Odpowiedź 3,3) zawinionej przez pracownika  utraty uprawnień koniecznych do wykonywania pracy na ,"Liceum / Technikum, Zasadnicza szkoła zawodowa",,,Przedsiębiorstwo,,,36,21,18,25
"Osoba, która zakłada własną działalność gospodarczą powinna wypełnić wniosek EDG-1 w:",Urzędzie Skarbowym,Zakładzie Ubezpieczeń Społecznych,Urzędzie Statystycznym,Banku,Odpowiedź 5,zajmowanym stanowisku. ,"Liceum / Technikum, Zasadnicza szkoła zawodowa",Urzędzie Miasta lub Gminy,,"Przedsiębiorstwo, Rynek pracy",,,45,21,18,16
Która z poniższych spółek jest spółką kapitałową:,spółka partnerska,spółka komandytowa,spółka jawna,spółka z o.o.,Odpowiedź 4,§ 2. Rozwiązanie umowy o pracę bez wypowiedzenia z winy pracownika nie może nastąpić po ,"Liceum / Technikum, Zasadnicza szkoła zawodowa",spółka komandytowo-akcyjna,,Przedsiębiorstwo,,,56,15,15,14
"Forma opodatkowania, w której wysokość podatku jest naliczana jako iloczyn określonej w przepisach stawki procentowej i wielkości miesięcznego przychodu. to:",karta podatkowa,zryczałtowany podatek dochodowy,VAT,podatek dochodowy na zasadach ogólnych,Odpowiedź 2,upływie 1 miesiąca od uzyskania przez pracodawcę wiadomości o okoliczności uzasadniającej ,"Liceum / Technikum, Zasadnicza szkoła zawodowa",,,Przedsiębiorstwo,,,34,22,26,18
"Spółka osobowa, w której wobec wierzycieli za zobowiązania spółki odpowiada bez ograniczeń co najmniej jeden wspólnik, a co najmniej jeden wspólnik jest akcjonariuszem, to:",spółka partnerska,spółka komandytowa,spółka jawna,spółka komandytowo-akcyjna,Odpowiedź 4,rozwiązanie umowy. ,"Liceum / Technikum, Zasadnicza szkoła zawodowa",,,Przedsiębiorstwo,,,48,22,14,16
Rolą banków komercyjnych jest,pośrednictwo w przekazywaniu środków od depozytariuszy do inwestorów,pośrednictwo w przekazywaniu środków od klientów do ministerstw,alokacja środków do jednostek budżetowych,nadzorowanie Giełdy Papierów Wartościowych,Odpowiedź 1,§ 3. Pracodawca podejmuje decyzję w sprawie rozwiązania umowy po zasięgnięciu opinii ,Liceum / Technikum,,,Instytucje rynkowe,,,39,23,15,23
Rolą Narodowego Banku Polskiego jest:,Inwestycje środków w dobra narodowe,Kontrola podaży pieniądza w gospodarce,Organizowanie szkoleń jak wydawać pieniądze,Kontrola Ministerstwa Finansów,Odpowiedź 2,"reprezentującej pracownika zakładowej organizacji związkowej, którą zawiadamia o przyczynie ",Liceum / Technikum,,,Instytucje rynkowe,,,57,16,16,11
"Instytucja, która świadczy usługi pokrewne do bankowych to:",Lombardy,Zakłady bukmacherskie,Fundusze inwestycyjne,Totalizator Sportowy,Odpowiedź 3,uzasadniającej rozwiązanie umowy. W razie zastrzeżeń co do zasadności rozwiązania umowy ,Liceum / Technikum,,,Instytucje rynkowe,,,45,19,15,21
Według prawa polskiego bank to:,"instytucja finansowa, która gromadzi środki pieniężne","instytucja finansowa, która wymienia towary na walutę","instytucja finansowa, która inwestuje w SKOK","instytucja finansowa, która prowadzi negocjacje z inwestorami",Odpowiedź 1,"zakładowa organizacja związkowa wyraża swoją opinię niezwłocznie, nie później jednak niż w ciągu ",Zasadnicza szkoła zawodowa,"instytucję finansową, która rozlicza dochody osób fizycznych","instytucję finansową, która inwestuje nadwyżki w firmy developerskie",Instytucje rynkowe,,,39,21,22,18
System rezerw obowiązkowych to:,Zatrzymanie części zdeponowanych przez klientów banków pieniędzy,"Pożyczanie wszystkich środków, które zostały zdeponowane w banku",Lokaty terminowe klientów banku,Kolekcje monet i  medali,Odpowiedź 1,3 dni. ,Zasadnicza szkoła zawodowa,Papierowe pokwitowanie banku o udzielonej pożyczce,Obligacje rządowe,Instytucje rynkowe,,,43,23,18,16
Barter to:,wymiana towar-towar,wymiana towar-pieniądz,wymiana pieniądz-akcje,wymiana pieniądz-złoto,Odpowiedź 1,§ 4. (skreś,Zasadnicza szkoła zawodowa,wymiana pieniądz-akcje,wymiana pieniądz-konosement,Instytucje rynkowe,,,40,22,18,20
Najstarszym środkiem płatniczym w Wielkopolsce były,główki wiewiórek,pyry,bursztyn,główki lisów i borsuków,Odpowiedź 1,"wydaje się,że główki wiewiórek",Zasadnicza szkoła zawodowa,ziemia,naczynia,Instytucje rynkowe,,,39,22,22,17
Efektem konkurencji rynkowej jest:,wyższa cena towarów na rynku,gorsza jakość towarów,postęp techniczny,niższe wykształcenie społeczeństwa,Odpowiedź 3,"Konkurencja rynkowa, to rywalizacja pomiędzy sprzedającymi.",Liceum / Technikum,,,Rynek – cechy i funkcje ,,,30,24,18,28
Które z podanych dóbr są substytutami:,stół i krzesło,masło i margaryna,piłka i bramka,gitara i magnetofon,Odpowiedź 2,"Substytuty to dobra, które mogą się zastępować.",Liceum / Technikum,,,Rynek – cechy i funkcje ,,,59,14,11,16
"1. Ustawodawstwo antymonopolowe ma na celu
",wyeliminowanie dużych firm.,ograniczenie konkurencji.,wspieranie konkurencji,zwiększenie kontroli rządowej nad przemysłem.,Odpowiedź 3," Anty oznacza sprzeciw a Monopol (z grec. monos – jeden i poleo – sprzedaję) –odnosi się to do ryku, który charakteryzuje  się, występowaniem tylko jednego dostawcy lub producenta danego towaru, który kontroluje podaż i ceny, odbiorców (konsumentów) jest natomiast wielu.",Liceum / Technikum,ograniczenie zakupów w sklepach monopolowych.,Stanowienie przez parlament ustaw ograniczających konkurencję.,"Państwo, gospodarka",,,33,28,18,21
Leseferyzm postuluje,aktywną rolę państwa w gospodarce.,pasywną rolę państwa w gospodarce.,wysokie podatki.,nacjonalizację przemysłu.,Odpowiedź 2,"Leseferyzm jest ściśle powiązany z  doktryną liberalizmu zakładająca ,że państwo powinno być tylko"" nocnym stróżem prawa"" czyli jego rola ma polegać na utrzymywaniu prawa i porządku, pozostawiając sprawę kształtowania gospodarki wolnemu rynkowi. ",Liceum / Technikum,reprywatyzacje gospodarki,"udział ""sił wyższych"" w tworzeniu ustawy budżetowej. ","Państwo, gospodarka",,,42,23,16,19
"Efekt Veblena polega na tym, że:",im wyższa cena tym większy popyt,im wyższa cena tym niższy popyt,im niższa cena tym niższy popyt,im niższa cena tym wyższy popyt,Odpowiedź 1,"Thorstein Bunde Veblen był wybitnym ekonomistą amerykańskim żyjącym w latach1857-1929. Uważał, że na zachowanie człowieka duży wpływ mają ""kręgi społeczne"".",Liceum / Technikum,,,Rynek – cechy i funkcje ,,,56,15,13,16
Etatyści,są zwolennikami ingerencji państwa w gospodarkę.,opowiadają się za ograniczeniem wydatków rządowych.,starają się nie ingerować w podział dochodów.,popierają reprywatyzację.,Odpowiedź 1,"Termin ten został upowszechniony się w dobie Wielkiego Kryzysu Gospodarczego (1929-1935), wraz z pojawieniem się doktryny tzw. keynesizmu (od nazwiska amerykańskiego ekonomisty Johna M. Keynesa), na oznaczenie nowatorskiej wtenczas doktryny ekonomicznej, zakładającej szeroki interwencjonizm państwa w gospodarkę.",Liceum / Technikum,Postulują obsadzenie wszystkich wolnych wakatów w gospodarce.,Są zwolennikami koncepcji gospodarki wolnorynkowej.,"Państwo, gospodarka",,,44,23,17,16
Jakie znasz rodzaje rynku wg kryterium zasięgu oddziaływania?,producenta i konsumenta,"kapitałowy, pracy oraz dóbr i usług","oligopol, monopol","lokalny, regionalny, krajowy, międzynarodowy",Odpowiedź 4,"Kryterium zasięgu oddziaływania można prościej nazwać kryterium geograficznym.W skład wchodzą rynki o różnej wielkości, czyli bardzo dużym, średnim i małym zasięgu terytorialnym. W odpowiedzi podajemy cztery nazwy rynków.",Liceum / Technikum,,,Rynek – cechy i funkcje ,,,34,22,24,20
Według jakiego kryterium wyodrębniony jest rynek motoryzacyjny?,kryterium: rodzaje produktów i usług,kryterium: przedmiot wymiany,kryterium: stopień dominacji na rynku,kryterium:zasięg oddziaływania,Odpowiedź 1,"W opisie tego rynku można zamieścić takie produkty pochodzenia rolnego jak zboża, ziemniaki, wołowinę, wełnę.",Liceum / Technikum,,,Rynek – cechy i funkcje ,,,59,15,15,11
"Jaki to rodzaj rynku, w którym popyt przewyższa podaż?",oligopol,krajowy,producenta,konsumenta,Odpowiedź 3,Sprzedawcy odgrywają wiodąca rolę i nie muszą zabiegać o klienta,Liceum / Technikum,,,Rynek – cechy i funkcje ,,,33,27,18,22
Wzrost ogólnego poziomu cen w gospodarce to:,Inflacja,Deflacja,Popyt,Podaż,Odpowiedź 1,Jest to spadek wartości pieniądza,Zasadnicza szkoła zawodowa,,,Rynek – cechy i funkcje ,,,55,18,12,15
"Potrzeby niższego rzędu wg Maslowa, które odczuwa każdy człowiek to",Samorealizacji,Społeczne,Fizjologiczne,Bezpieczeństwa i afiliacji,Odpowiedź 3,piramida potrzeb.,Zasadnicza szkoła zawodowa,,,Człowiek przedsiębiorczy,,,58,14,12,16
"Bezrobocie będące skutkiem zmian technologicznych, wahań w upodobaniach konsumentow lub zmian w lokalizacji miejsc pracy nazywamy:







",frykcyjnym,koniunkturalnym,strukturalnym,sezonowym,Odpowiedź 3,Bezrobocie strukturalne powstaje na skutek zmian struktury gospodarki i polega na utracie zatrudnienia przez osoby pracujące w zanikających gałęziach gospodarki np. górnictwie.,Zasadnicza szkoła zawodowa,,,Rynek pracy,,,42,24,14,20
